<?xml version="1.0" encoding="UTF-8" ?>
<database>
	<name>*dbname*</name>
	<create>true</create>
	<overwrite>false</overwrite>
	<charset>utf-8</charset>
	<table>
		<name>*dbprefix*secure_cont_path</name>
		<declaration>
			<field>
				<name>id</name>
				<type>integer</type>
				<default>0</default>
				<notnull>true</notnull>
				<autoincrement>1</autoincrement>
				<unsigned>true</unsigned>
			</field>
			<field>
				<name>uid</name>
				<type>text</type>
				<default></default>
				<notnull>true</notnull>
				<length>250</length>
			</field>
			<field>
				<name>parent</name>
				<type>integer</type>
				<default>0</default>
				<notnull>true</notnull>
				<autoincrement>0</autoincrement>
				<unsigned>true</unsigned>
			</field>
			<field>
				<name>name</name>
				<type>text</type>
				<notnull>true</notnull>
				<length>64</length>
			</field>
		</declaration>
	</table>
	<table>
		<name>*dbprefix*secure_cont_entry</name>
		<declaration>
			<field>
				<name>id</name>
				<type>integer</type>
				<default>0</default>
				<notnull>true</notnull>
				<autoincrement>1</autoincrement>
				<unsigned>true</unsigned>
			</field>
			<field>
				<name>uid</name>
				<type>text</type>
				<default></default>
				<notnull>true</notnull>
				<length>250</length>
			</field>
			<field>
				<name>path</name>
				<type>integer</type>
				<default>0</default>
				<notnull>true</notnull>
				<unsigned>true</unsigned>
			</field>
			<field>
				<name>name</name>
				<type>text</type>
				<notnull>true</notnull>
				<length>64</length>
			</field>
			<field>
				<name>description</name>
				<type>clob</type>
				<notnull>false</notnull>
			</field>
			<field>
				<name>value</name>
				<type>blob</type>
				<notnull>false</notnull>
			</field>
		</declaration>
	</table>
</database>