<?xml version="1.0"?>
<info>
	<id>secure_container</id>
	<name>Secure Container</name>
	<description>Simplystore any kind of data in a encrypted container.</description>
	<licence>AGPL</licence>
	<author>Lukas Zurschmiede</author>
	<version>0.0.3</version>
	<requiremin>7</requiremin>
	
	<types>
		<!-- Not really, but this is the most matching type -->
		<type>filesystem</type>
	</types>
	
	<!-- Not yet, but it's planned to providean API for browser plugins -->
	<remote>
		<file id="passwordapi">secure_container/api.php</file>
	</remote>
</info>
